{
    "ch": "market.btcusdt.kline.1min",
    "ts": 1531433740167,
    "tick": {
        "id": 1531433700,
        "open": 6152.880000000000000000,
        "close": 6156.390000000000000000,
        "low": 6152.870000000000000000,
        "high": 6157.060000000000000000,
        "amount": 1.109000000000000000,
        "vol": 6826.078404000000000000000000000000000000,
        "count": 53
    }
}